Date,TeamName,ScoreOff,FirstDownOff,RushAttOff,RushYdsOff,PassAttOff,PassCompOff,PassYdsOff,PassIntOff,FumblesOff,SackYdsOff,PenYdsOff,PuntAvgOff,ScoreDef,FirstDownDef,RushAttDef,RushYdsDef,PassAttDef,PassCompDef,PassYdsDef,PassIntDef,FumblesDef,SackYdsDef,PenYdsDef
9/3/2000,Arizona Cardinals,16,19,20,43,49,28,318,3,1,6,5,42,21,20,41,223,25,17,172,1,1,0,68
9/3/2000,Atlanta Falcons,36,22,32,95,31,16,264,0,1,0,51,48,28,23,24,92,36,23,253,1,0,6,42
9/3/2000,Baltimore Ravens,16,18,36,140,32,18,199,0,0,3,42,40,0,12,18,30,39,17,199,0,1,6,15
9/3/2000,Buffalo Bills,16,17,35,129,26,13,174,0,0,37,91,42,13,9,20,53,31,17,152,1,0,33,112
9/3/2000,Carolina Panthers,17,12,20,112,26,17,183,0,1,59,65,43,20,23,31,162,36,25,234,0,0,0,64
9/3/2000,Chicago Bears,27,23,25,153,41,27,290,0,1,18,45,31,30,17,30,186,23,13,190,1,0,2,20
9/3/2000,Cleveland Browns,7,9,16,96,27,19,160,0,1,7,25,51,27,28,40,119,34,24,301,0,0,22,5
9/3/2000,Dallas Cowboys,14,10,13,67,31,13,135,2,0,35,93,45,41,27,46,306,29,16,130,3,0,11,25
9/3/2000,Denver Broncos,36,25,28,150,29,19,274,0,0,33,27,45,41,23,18,80,35,25,433,3,0,8,56
9/3/2000,Detroit Lions,14,10,32,98,25,13,100,1,1,11,74,42,10,13,25,106,34,18,169,1,2,23,89
9/3/2000,Green Bay Packers,16,13,16,62,34,14,152,1,1,3,81,36,20,15,34,118,44,23,261,1,0,0,75
9/3/2000,New York Giants,21,20,41,223,25,17,172,1,1,0,68,43,16,19,20,43,49,28,318,3,1,6,5
9/3/2000,Indianapolis Colts,27,20,32,119,32,22,273,1,1,6,78,57,14,17,24,74,37,16,212,1,0,6,50
9/3/2000,Jacksonville Jaguars,27,28,40,119,34,24,301,0,0,22,5,39,7,9,16,96,27,19,160,0,1,7,25
9/3/2000,Kansas City Chiefs,14,17,24,74,37,16,212,1,0,6,50,47,27,20,32,119,32,22,273,1,1,6,78
9/3/2000,Miami Dolphins,23,16,41,181,24,15,134,0,1,7,36,40,0,8,19,71,24,10,84,4,2,12,10
9/3/2000,Minnesota Vikings,30,17,30,186,23,13,190,1,0,2,20,39,27,23,25,153,41,27,290,0,1,18,45
9/3/2000,New England Patriots,16,14,21,88,39,26,216,0,1,26,33,41,21,17,38,140,24,12,167,0,1,11,25
9/3/2000,New Orleans Saints,10,13,25,106,34,18,169,1,2,23,89,49,14,10,32,98,25,13,100,1,1,11,74
9/3/2000,New York Jets,20,15,34,118,44,23,261,1,0,0,75,48,16,13,16,62,34,14,152,1,1,3,81
9/3/2000,Oakland Raiders,9,13,25,67,35,20,176,0,0,10,60,42,6,17,28,76,42,19,197,3,1,18,35
9/3/2000,Philadelphia Eagles,41,27,46,306,29,16,130,3,0,11,25,44,14,10,13,67,31,13,135,2,0,35,93
9/3/2000,Pittsburgh Steelers,0,12,18,30,39,17,199,0,1,6,15,51,16,18,36,140,32,18,199,0,0,3,42
9/3/2000,San Diego Chargers,6,17,28,76,42,19,197,3,1,18,35,49,9,13,25,67,35,20,176,0,0,10,60
9/3/2000,Seattle Seahawks,0,8,19,71,24,10,84,4,2,12,10,42,23,16,41,181,24,15,134,0,1,7,36
9/3/2000,San Francisco 49ers,28,23,24,92,36,23,253,1,0,6,42,39,36,22,32,95,31,16,264,0,1,0,51
9/3/2000,St Louis Rams,41,23,18,80,35,25,433,3,0,8,56,34,36,25,28,150,29,19,274,0,0,33,27
9/3/2000,Tampa Bay Buccaneers,21,17,38,140,24,12,167,0,1,11,25,40,16,14,21,88,39,26,216,0,1,26,33
9/3/2000,Tennessee Titans,13,9,20,53,31,17,152,1,0,33,112,38,16,17,35,129,26,13,174,0,0,37,91
9/3/2000,Washington Redskins,20,23,31,162,36,25,234,0,0,0,64,40,17,12,20,112,26,17,183,0,1,59,65
9/10/2000,Arizona Cardinals,32,21,33,98,24,18,243,0,1,19,15,47,31,17,22,90,34,24,243,0,2,3,102
9/10/2000,Atlanta Falcons,14,12,13,47,29,12,171,0,3,32,71,39,42,29,39,152,33,20,268,0,0,13,54
9/10/2000,Baltimore Ravens,39,17,18,89,40,23,262,2,0,20,65,41,36,22,21,46,50,28,386,2,2,11,60
9/10/2000,Buffalo Bills,27,20,34,89,26,18,259,1,0,39,33,37,18,14,16,40,35,25,269,0,3,35,12
9/10/2000,Carolina Panthers,38,27,34,98,32,24,364,1,0,12,50,31,22,21,21,95,40,22,307,1,1,11,67
9/10/2000,Chicago Bears,0,9,22,116,29,15,96,2,2,47,64,38,41,21,36,156,24,13,186,0,0,15,20
9/10/2000,Cleveland Browns,24,17,33,105,31,19,259,1,0,10,60,48,7,17,19,111,43,15,250,2,1,43,65
9/10/2000,Cincinnati Bengals,7,17,19,111,43,15,250,2,1,43,65,41,24,17,33,105,31,19,259,1,0,10,60
9/10/2000,Dallas Cowboys,31,17,22,90,34,24,243,0,2,3,102,57,32,21,33,98,24,18,243,0,1,19,15
9/10/2000,Denver Broncos,42,29,39,152,33,20,268,0,0,13,54,43,14,12,13,47,29,12,171,0,3,32,71
9/10/2000,Detroit Lions,15,15,24,62,31,16,194,2,0,12,50,44,10,20,23,104,35,23,245,4,0,16,55
9/10/2000,Green Bay Packers,18,14,16,40,35,25,269,0,3,35,12,43,27,20,34,89,26,18,259,1,0,39,33
9/10/2000,New York Giants,33,24,39,167,29,21,220,0,0,0,35,35,18,13,12,56,33,19,214,0,0,33,40
9/10/2000,Indianapolis Colts,31,28,20,111,48,33,367,2,1,16,41,58,38,21,38,152,22,15,207,0,0,0,35
9/10/2000,Jacksonville Jaguars,36,22,21,46,50,28,386,2,2,11,60,38,39,17,18,89,40,23,262,2,0,20,65
9/10/2000,Kansas City Chiefs,14,14,33,62,21,13,144,0,0,17,72,39,17,23,29,121,36,23,255,2,1,23,70
9/10/2000,Miami Dolphins,7,10,16,49,31,12,175,1,0,15,40,44,13,24,28,125,37,23,355,3,1,12,60
9/10/2000,Minnesota Vikings,13,24,28,125,37,23,355,3,1,12,60,45,7,10,16,49,31,12,175,1,0,15,40
9/10/2000,New England Patriots,19,21,34,100,43,25,229,0,0,36,8,39,20,18,17,59,37,16,281,1,0,10,69
9/10/2000,New Orleans Saints,28,28,31,64,46,33,259,2,1,0,37,39,27,15,20,72,26,13,137,2,0,21,85
9/10/2000,New York Jets,20,18,17,59,37,16,281,1,0,10,69,50,19,21,34,100,43,25,229,0,0,36,8
9/10/2000,Oakland Raiders,38,21,38,152,22,15,207,0,0,0,35,53,31,28,20,111,48,33,367,2,1,16,41
9/10/2000,Philadelphia Eagles,18,13,12,56,33,19,214,0,0,33,40,51,33,24,39,167,29,21,220,0,0,0,35
9/10/2000,San Diego Chargers,27,15,20,72,26,13,137,2,0,21,85,44,28,28,31,64,46,33,259,2,1,0,37
9/10/2000,Seattle Seahawks,34,24,24,101,31,20,245,2,1,6,10,38,37,28,22,97,47,35,386,1,0,7,16
9/10/2000,San Francisco 49ers,22,21,21,95,40,22,307,1,1,11,67,44,38,27,34,98,32,24,364,1,0,12,50
9/10/2000,St Louis Rams,37,28,22,97,47,35,386,1,0,7,16,35,34,24,24,101,31,20,245,2,1,6,10
9/10/2000,Tampa Bay Buccaneers,41,21,36,156,24,13,186,0,0,15,20,44,0,9,22,116,29,15,96,2,2,47,64
9/10/2000,Tennessee Titans,17,23,29,121,36,23,255,2,1,23,70,40,14,14,33,62,21,13,144,0,0,17,72
9/10/2000,Washington Redskins,10,20,23,104,35,23,245,4,0,16,55,36,15,15,24,62,31,16,194,2,0,12,50
9/17/2000,Atlanta Falcons,15,10,30,108,27,21,174,0,2,20,57,43,10,17,16,59,38,21,241,2,2,16,28
9/17/2000,Baltimore Ravens,6,18,18,118,31,19,189,1,0,45,20,41,19,15,34,106,16,11,160,1,0,8,38
9/17/2000,Buffalo Bills,14,16,23,80,36,21,291,1,3,17,66,40,27,15,36,91,32,16,188,1,0,0,10
9/17/2000,Carolina Panthers,10,17,16,59,38,21,241,2,2,16,28,29,15,10,30,108,27,21,174,0,2,20,57
9/17/2000,Chicago Bears,7,12,16,48,36,23,202,0,1,28,30,43,14,23,41,172,33,24,249,0,1,14,15
9/17/2000,Cleveland Browns,23,14,23,61,31,23,316,0,1,0,26,49,20,19,30,159,30,16,202,1,0,15,45
9/17/2000,Cincinnati Bengals,0,14,23,71,41,18,183,2,2,24,44,42,13,15,29,84,32,20,176,1,0,19,76
9/17/2000,Dallas Cowboys,27,15,31,153,23,10,179,1,1,6,20,46,21,24,29,107,49,30,227,1,1,14,82
9/17/2000,Denver Broncos,33,25,38,182,31,21,213,0,1,8,30,0,24,16,19,123,21,13,159,2,2,19,51
9/17/2000,Detroit Lions,10,13,10,17,36,26,277,2,1,51,51,29,31,22,39,120,30,18,211,0,0,0,45
9/17/2000,Green Bay Packers,6,19,29,79,33,18,189,3,1,32,31,45,3,12,22,85,31,15,118,1,0,32,115
9/17/2000,New York Giants,14,23,41,172,33,24,249,0,1,14,15,41,7,12,16,48,36,23,202,0,1,28,30
9/17/2000,Jacksonville Jaguars,13,15,29,84,32,20,176,1,0,19,76,42,0,14,23,71,41,18,183,2,2,24,44
9/17/2000,Kansas City Chiefs,42,25,34,117,33,20,235,1,0,3,30,50,10,10,14,49,35,17,169,1,1,31,86
9/17/2000,Miami Dolphins,19,15,34,106,16,11,160,1,0,8,38,48,6,18,18,118,31,19,189,1,0,45,20
9/17/2000,Minnesota Vikings,21,23,43,154,28,19,177,1,1,16,61,41,13,18,18,103,35,21,190,1,0,26,64
9/17/2000,New England Patriots,13,18,18,103,35,21,190,1,0,26,64,38,21,23,43,154,28,19,177,1,1,16,61
9/17/2000,New Orleans Saints,10,13,26,116,24,14,147,0,0,12,40,41,20,22,31,126,29,22,169,1,0,24,32
9/17/2000,New York Jets,27,15,36,91,32,16,188,1,0,0,10,46,14,16,23,80,36,21,291,1,3,17,66
9/17/2000,Oakland Raiders,24,16,19,123,21,13,159,2,2,19,51,47,33,25,38,182,31,21,213,0,1,8,30
9/17/2000,Philadelphia Eagles,3,12,22,85,31,15,118,1,0,32,115,46,6,19,29,79,33,18,189,3,1,32,31
9/17/2000,Pittsburgh Steelers,20,19,30,159,30,16,202,1,0,15,45,39,23,14,23,61,31,23,316,0,1,0,26
9/17/2000,San Diego Chargers,10,10,14,49,35,17,169,1,1,31,86,57,42,25,34,117,33,20,235,1,0,3,30
9/17/2000,Seattle Seahawks,20,22,31,126,29,22,169,1,0,24,32,41,10,13,26,116,24,14,147,0,0,12,40
9/17/2000,San Francisco 49ers,24,16,21,111,34,21,290,2,0,0,53,40,41,32,28,140,34,23,394,2,0,5,25
9/17/2000,St Louis Rams,41,32,28,140,34,23,394,2,0,5,25,51,24,16,21,111,34,21,290,2,0,0,53
9/17/2000,Tampa Bay Buccaneers,31,22,39,120,30,18,211,0,0,0,45,39,10,13,10,17,36,26,277,2,1,51,51
9/17/2000,Washington Redskins,21,24,29,107,49,30,227,1,1,14,82,40,27,15,31,153,23,10,179,1,1,6,20
9/24/2000,Arizona Cardinals,3,12,13,28,43,21,189,4,0,8,25,48,29,23,36,176,32,18,288,0,1,9,73
9/24/2000,Atlanta Falcons,20,18,21,68,38,22,264,2,2,46,42,41,41,14,25,74,19,12,336,1,1,15,90
9/24/2000,Baltimore Ravens,37,27,38,176,39,22,215,0,1,0,90,33,0,7,16,4,24,15,105,2,2,15,53
9/24/2000,Chicago Bears,14,16,31,147,35,21,261,3,2,7,78,27,21,15,29,80,37,20,207,1,0,13,39
9/24/2000,Cleveland Browns,10,14,21,89,34,18,156,2,0,15,46,45,36,18,36,113,25,14,179,0,0,0,40
9/24/2000,Cincinnati Bengals,0,7,16,4,24,15,105,2,2,15,53,37,37,27,38,176,39,22,215,0,1,0,90
9/24/2000,Dallas Cowboys,24,18,14,76,32,19,250,1,2,28,62,45,41,27,47,261,27,16,178,0,0,0,94
9/24/2000,Denver Broncos,22,21,30,145,31,18,208,1,2,11,71,47,23,21,27,49,33,21,250,2,1,5,48
9/24/2000,Detroit Lions,21,15,29,80,37,20,207,1,0,13,39,41,14,16,31,147,35,21,261,3,2,7,78
9/24/2000,Green Bay Packers,29,23,36,176,32,18,288,0,1,9,73,41,3,12,13,28,43,21,189,4,0,8,25
9/24/2000,New York Giants,6,21,22,93,44,21,210,1,0,42,59,42,16,17,39,110,20,14,289,0,0,5,25
9/24/2000,Indianapolis Colts,43,21,28,93,36,23,440,0,1,0,90,47,14,18,24,97,36,21,229,2,0,40,40
9/24/2000,Jacksonville Jaguars,14,18,24,97,36,21,229,2,0,40,40,43,43,21,28,93,36,23,440,0,1,0,90
9/24/2000,Kansas City Chiefs,23,21,27,49,33,21,250,2,1,5,48,50,22,21,30,145,31,18,208,1,2,11,71
9/24/2000,Miami Dolphins,10,12,33,99,24,12,153,2,1,10,40,44,3,12,29,56,33,16,161,1,1,7,30
9/24/2000,New England Patriots,3,12,29,56,33,16,161,1,1,7,30,47,10,12,33,99,24,12,153,2,1,10,40
9/24/2000,New Orleans Saints,7,17,24,141,39,19,168,2,2,22,40,39,21,14,25,67,32,20,222,0,2,21,64
9/24/2000,New York Jets,21,16,24,98,44,24,204,3,0,6,25,50,17,12,32,119,19,7,135,2,2,15,75
9/24/2000,Oakland Raiders,36,18,36,113,25,14,179,0,0,0,40,47,10,14,21,89,34,18,156,2,0,15,46
9/24/2000,Philadelphia Eagles,21,14,25,67,32,20,222,0,2,21,64,42,7,17,24,141,39,19,168,2,2,22,40
9/24/2000,Pittsburgh Steelers,20,20,25,115,37,19,260,0,1,11,35,48,23,15,31,85,30,16,292,3,0,5,25
9/24/2000,San Diego Chargers,12,15,24,91,40,24,220,2,0,8,71,45,20,15,25,108,21,11,196,0,2,35,45
9/24/2000,Seattle Seahawks,20,15,25,108,21,11,196,0,2,35,45,45,12,15,24,91,40,24,220,2,0,8,71
9/24/2000,San Francisco 49ers,41,27,47,261,27,16,178,0,0,0,94,52,24,18,14,76,32,19,250,1,2,28,62
9/24/2000,St Louis Rams,41,14,25,74,19,12,336,1,1,15,90,43,20,18,21,68,38,22,264,2,2,46,42
9/24/2000,Tampa Bay Buccaneers,17,12,32,119,19,7,135,2,2,15,75,50,21,16,24,98,44,24,204,3,0,6,25
9/24/2000,Tennessee Titans,23,15,31,85,30,16,292,3,0,5,25,42,20,20,25,115,37,19,260,0,1,11,35
9/24/2000,Washington Redskins,16,17,39,110,20,14,289,0,0,5,25,35,6,21,22,93,44,21,210,1,0,42,59
10/1/2000,Arizona Cardinals,20,16,24,126,41,24,239,0,2,0,40,44,27,18,32,130,33,22,220,0,1,5,40
10/1/2000,Atlanta Falcons,10,13,22,61,35,15,156,1,0,17,10,37,38,22,22,191,45,30,311,2,1,0,110
10/1/2000,Baltimore Ravens,12,22,37,188,34,18,169,1,0,9,62,43,0,11,13,23,36,21,207,3,1,0,60
10/1/2000,Buffalo Bills,16,21,33,170,32,21,246,0,0,31,60,39,18,14,24,81,27,16,187,1,0,3,20
10/1/2000,Carolina Panthers,13,13,29,119,29,17,161,0,2,8,55,40,16,20,38,173,23,15,131,2,0,13,45
10/1/2000,Chicago Bears,27,13,36,178,20,11,203,0,0,11,65,39,24,22,14,44,48,31,333,1,2,13,35
10/1/2000,Cleveland Browns,0,11,13,23,36,21,207,3,1,0,60,51,12,22,37,188,34,18,169,1,0,9,62
10/1/2000,Cincinnati Bengals,16,24,35,191,38,20,178,0,1,19,123,31,31,18,29,159,21,14,155,1,1,12,61
10/1/2000,Dallas Cowboys,16,20,38,173,23,15,131,2,0,13,45,44,13,13,29,119,29,17,161,0,2,8,55
10/1/2000,Denver Broncos,19,26,21,79,50,31,361,1,1,35,50,49,28,19,27,54,27,18,271,1,0,11,17
10/1/2000,Detroit Lions,24,27,25,129,44,25,239,1,0,13,55,43,31,19,29,178,29,17,269,0,0,8,72
10/1/2000,Green Bay Packers,24,22,14,44,48,31,333,1,2,13,35,41,27,13,36,178,20,11,203,0,0,11,65
10/1/2000,New York Giants,14,13,12,24,36,17,197,3,1,6,48,55,28,28,43,152,35,24,293,0,1,9,64
10/1/2000,Indianapolis Colts,18,14,24,81,27,16,187,1,0,3,20,47,16,21,33,170,32,21,246,0,0,31,60
10/1/2000,Jacksonville Jaguars,13,17,16,26,45,23,225,1,1,45,75,50,24,22,44,209,16,10,132,1,2,9,55
10/1/2000,Kansas City Chiefs,24,18,26,136,27,16,256,0,0,14,77,43,17,20,33,189,28,17,140,1,1,40,45
10/1/2000,Miami Dolphins,31,18,29,159,21,14,155,1,1,12,61,60,16,24,35,191,38,20,178,0,1,19,123
10/1/2000,Minnesota Vikings,31,19,29,178,29,17,269,0,0,8,72,44,24,27,25,129,44,25,239,1,0,13,55
10/1/2000,New England Patriots,28,19,27,54,27,18,271,1,0,11,17,45,19,26,21,79,50,31,361,1,1,35,50
10/1/2000,Philadelphia Eagles,38,22,22,191,45,30,311,2,1,0,110,46,10,13,22,61,35,15,156,1,0,17,10
10/1/2000,Pittsburgh Steelers,24,22,44,209,16,10,132,1,2,9,55,34,13,17,16,26,45,23,225,1,1,45,75
10/1/2000,San Diego Chargers,31,23,15,48,40,27,348,1,1,15,15,55,57,29,26,163,34,27,465,0,0,14,36
10/1/2000,Seattle Seahawks,17,20,33,189,28,17,140,1,1,40,45,39,24,18,26,136,27,16,256,0,0,14,77
10/1/2000,San Francisco 49ers,27,18,32,130,33,22,220,0,1,5,40,38,20,16,24,126,41,24,239,0,2,0,40
10/1/2000,St Louis Rams,57,29,26,163,34,27,465,0,0,14,36,0,31,23,15,48,40,27,348,1,1,15,15
10/1/2000,Tampa Bay Buccaneers,17,16,28,72,38,19,202,1,1,19,40,46,20,14,32,145,32,20,207,0,1,22,48
10/1/2000,Tennessee Titans,28,28,43,152,35,24,293,0,1,9,64,41,14,13,12,24,36,17,197,3,1,6,48
10/1/2000,Washington Redskins,20,14,32,145,32,20,207,0,1,22,48,44,17,16,28,72,38,19,202,1,1,19,40
10/8/2000,Arizona Cardinals,29,20,31,146,30,17,171,0,2,2,20,48,21,12,31,104,22,16,138,0,0,2,86
10/8/2000,Atlanta Falcons,6,17,14,13,48,23,255,2,1,30,13,37,13,14,33,104,25,14,151,2,0,0,71
10/8/2000,Baltimore Ravens,15,10,25,56,39,17,154,0,1,16,25,42,10,22,27,95,43,29,260,3,3,7,34
10/8/2000,Buffalo Bills,13,15,21,76,32,14,222,1,1,44,40,43,22,15,37,120,24,14,142,1,0,8,64
10/8/2000,Carolina Panthers,26,26,33,125,39,27,332,1,0,10,30,36,3,10,11,63,34,19,172,0,0,26,80
10/8/2000,Chicago Bears,10,13,15,72,37,18,202,3,0,29,45,38,31,24,49,186,25,18,232,1,0,15,149
10/8/2000,Cleveland Browns,21,12,31,104,22,16,138,0,0,2,86,42,29,20,31,146,30,17,171,0,2,2,20
10/8/2000,Cincinnati Bengals,14,7,20,129,23,10,85,0,2,1,10,37,23,21,44,203,31,19,230,1,1,16,50
10/8/2000,Denver Broncos,21,18,30,96,40,27,235,0,0,27,113,36,7,17,20,65,43,18,237,3,0,25,57
10/8/2000,Detroit Lions,31,11,24,74,26,13,199,1,0,20,50,46,24,19,22,69,43,27,293,3,2,23,29
10/8/2000,Green Bay Packers,24,19,22,69,43,27,293,3,2,23,29,33,31,11,24,74,26,13,199,1,0,20,50
10/8/2000,New York Giants,13,14,33,104,25,14,151,2,0,0,71,35,6,17,14,13,48,23,255,2,1,30,13
10/8/2000,Indianapolis Colts,16,27,26,84,54,31,334,3,0,10,52,42,24,19,28,124,25,17,204,0,0,27,34
10/8/2000,Jacksonville Jaguars,10,22,27,95,43,29,260,3,3,7,34,38,15,10,25,56,39,17,154,0,1,16,25
10/8/2000,Miami Dolphins,22,15,37,120,24,14,142,1,0,8,64,38,13,15,21,76,32,14,222,1,1,44,40
10/8/2000,Minnesota Vikings,30,17,30,115,19,15,231,1,1,24,44,52,23,22,20,63,41,26,295,0,3,12,58
10/8/2000,New England Patriots,24,19,28,124,25,17,204,0,0,27,34,44,16,27,26,84,54,31,334,3,0,10,52
10/8/2000,New Orleans Saints,31,24,49,186,25,18,232,1,0,15,149,35,10,13,15,72,37,18,202,3,0,29,45
10/8/2000,New York Jets,3,12,21,112,26,13,99,2,2,5,45,46,20,21,41,193,26,17,140,0,0,3,57
10/8/2000,Oakland Raiders,34,31,33,164,43,21,310,1,1,3,74,44,28,28,34,136,41,28,336,0,2,0,124
10/8/2000,Philadelphia Eagles,14,16,18,79,35,18,207,2,2,11,48,45,17,23,31,141,36,25,289,1,1,23,80
10/8/2000,Pittsburgh Steelers,20,21,41,193,26,17,140,0,0,3,57,33,3,12,21,112,26,13,99,2,2,5,45
10/8/2000,San Diego Chargers,7,17,20,65,43,18,237,3,0,25,57,47,21,18,30,96,40,27,235,0,0,27,113
10/8/2000,Seattle Seahawks,3,10,11,63,34,19,172,0,0,26,80,41,26,26,33,125,39,27,332,1,0,10,30
10/8/2000,San Francisco 49ers,28,28,34,136,41,28,336,0,2,0,124,24,34,31,33,164,43,21,310,1,1,3,74
10/8/2000,Tampa Bay Buccaneers,23,22,20,63,41,26,295,0,3,12,58,53,30,17,30,115,19,15,231,1,1,24,44
10/8/2000,Tennessee Titans,23,21,44,203,31,19,230,1,1,16,50,39,14,7,20,129,23,10,85,0,2,1,10
10/8/2000,Washington Redskins,17,23,31,141,36,25,289,1,1,23,80,37,14,16,18,79,35,18,207,2,2,11,48
10/15/2000,Arizona Cardinals,14,17,14,93,30,18,213,2,1,6,65,46,33,28,38,172,35,24,226,0,0,7,95
10/15/2000,Atlanta Falcons,29,21,16,61,30,18,220,1,0,22,40,43,45,29,31,227,40,24,313,1,0,11,96
10/15/2000,Baltimore Ravens,3,15,25,91,27,16,135,1,0,27,41,40,10,15,29,101,27,18,158,1,1,13,51
10/15/2000,Buffalo Bills,27,25,28,95,50,31,351,1,1,22,103,43,24,15,27,52,34,21,287,2,2,36,88
10/15/2000,Carolina Panthers,6,8,12,10,31,15,172,1,1,41,45,33,24,21,47,215,24,12,195,0,3,13,59
10/15/2000,Chicago Bears,16,17,26,98,33,19,210,0,0,14,53,35,28,17,29,191,26,15,198,0,1,21,73
10/15/2000,Cleveland Browns,10,12,9,38,45,26,287,3,0,47,116,46,44,24,31,146,40,22,353,0,0,0,14
10/15/2000,Cincinnati Bengals,0,12,26,120,36,14,136,2,1,24,46,44,15,13,32,103,33,13,173,0,0,2,65
10/15/2000,Dallas Cowboys,14,23,27,76,42,22,211,5,0,18,81,43,19,17,33,203,25,14,119,0,0,11,72
10/15/2000,Denver Broncos,44,24,31,146,40,22,353,0,0,0,14,40,10,12,9,38,45,26,287,3,0,47,116
10/15/2000,Green Bay Packers,31,22,31,132,27,20,266,0,0,20,65,38,28,23,19,95,42,27,336,0,0,17,53
10/15/2000,New York Giants,19,17,33,203,25,14,119,0,0,11,72,40,14,23,27,76,42,22,211,5,0,18,81
10/15/2000,Indianapolis Colts,37,28,39,219,30,20,281,0,2,1,25,45,24,21,16,65,32,24,283,1,2,31,39
10/15/2000,Jacksonville Jaguars,13,13,26,143,27,18,196,0,2,35,40,45,27,18,38,173,21,13,234,0,1,0,89
10/15/2000,Kansas City Chiefs,17,20,19,58,40,23,288,0,1,0,40,51,20,23,33,161,33,28,244,0,1,14,69
10/15/2000,Minnesota Vikings,28,17,29,191,26,15,198,0,1,21,73,41,16,17,26,98,33,19,210,0,0,14,53
10/15/2000,New England Patriots,17,16,14,51,41,18,244,4,2,46,30,36,34,20,43,164,23,15,139,0,1,9,68
10/15/2000,New Orleans Saints,24,21,47,215,24,12,195,0,3,13,59,37,6,8,12,10,31,15,172,1,1,41,45
10/15/2000,New York Jets,34,20,43,164,23,15,139,0,1,9,68,42,17,16,14,51,41,18,244,4,2,46,30
10/15/2000,Oakland Raiders,20,23,33,161,33,28,244,0,1,14,69,51,17,20,19,58,40,23,288,0,1,0,40
10/15/2000,Philadelphia Eagles,33,28,38,172,35,24,226,0,0,7,95,47,14,17,14,93,30,18,213,2,1,6,65
10/15/2000,Pittsburgh Steelers,15,13,32,103,33,13,173,0,0,2,65,44,0,12,26,120,36,14,136,2,1,24,46
10/15/2000,San Diego Chargers,24,15,27,52,34,21,287,2,2,36,88,42,27,25,28,95,50,31,351,1,1,22,103
10/15/2000,Seattle Seahawks,24,21,16,65,32,24,283,1,2,31,39,35,37,28,39,219,30,20,281,0,2,1,25
10/15/2000,San Francisco 49ers,28,23,19,95,42,27,336,0,0,17,53,34,31,22,31,132,27,20,266,0,0,20,65
10/15/2000,St Louis Rams,45,29,31,227,40,24,313,1,0,11,96,35,29,21,16,61,30,18,220,1,0,22,40
10/15/2000,Tennessee Titans,27,18,38,173,21,13,234,0,1,0,89,49,13,13,26,143,27,18,196,0,2,35,40
10/15/2000,Washington Redskins,10,15,29,101,27,18,158,1,1,13,51,42,3,15,25,91,27,16,135,1,0,27,41
10/22/2000,Arizona Cardinals,7,15,24,109,31,20,180,3,0,13,59,43,48,23,40,200,15,9,154,0,0,7,30
10/22/2000,Atlanta Falcons,19,13,17,75,20,15,240,0,0,37,48,44,21,25,37,200,31,19,209,1,0,7,45
10/22/2000,Baltimore Ravens,6,24,29,113,46,25,290,4,0,35,52,37,14,7,26,90,21,11,101,1,1,0,20
10/22/2000,Buffalo Bills,27,21,28,120,43,28,294,0,1,8,72,40,31,17,22,97,29,17,251,1,0,0,55
10/22/2000,Carolina Panthers,34,26,25,98,44,28,309,0,0,17,63,42,16,20,18,128,39,25,307,1,1,24,82
10/22/2000,Chicago Bears,9,14,25,114,43,20,177,1,0,17,50,42,13,17,27,97,35,22,207,1,1,6,35
10/22/2000,Cleveland Browns,0,5,19,49,23,10,55,3,0,8,77,48,22,17,45,143,25,10,105,0,0,15,47
10/22/2000,Cincinnati Bengals,31,15,37,407,14,2,34,0,1,20,69,47,21,32,32,142,45,30,365,1,2,7,38
10/22/2000,Dallas Cowboys,48,23,40,200,15,9,154,0,0,7,30,42,7,15,24,109,31,20,180,3,0,13,59
10/22/2000,Denver Broncos,21,32,32,142,45,30,365,1,2,7,38,35,31,15,37,407,14,2,34,0,1,20,69
10/22/2000,Detroit Lions,28,21,37,170,31,13,144,0,0,37,55,37,14,12,19,109,34,17,149,3,1,0,54
10/22/2000,Indianapolis Colts,30,20,21,130,20,16,268,0,1,0,106,35,23,24,42,155,34,23,231,0,1,0,48
10/22/2000,Jacksonville Jaguars,16,21,26,146,42,21,271,2,2,32,42,48,35,18,30,130,24,16,269,1,1,0,59
10/22/2000,Kansas City Chiefs,54,21,22,106,34,22,375,0,0,13,50,39,34,24,20,66,46,30,390,3,1,28,87
10/22/2000,Miami Dolphins,37,20,38,198,35,16,250,3,0,15,95,40,40,31,22,79,59,36,378,3,1,2,30
10/22/2000,Minnesota Vikings,31,17,22,97,29,17,251,1,0,0,55,42,27,21,28,120,43,28,294,0,1,8,72
10/22/2000,New England Patriots,23,24,42,155,34,23,231,0,1,0,48,51,30,20,21,130,20,16,268,0,1,0,106
10/22/2000,New Orleans Saints,21,25,37,200,31,19,209,1,0,7,45,40,19,13,17,75,20,15,240,0,0,37,48
10/22/2000,New York Jets,40,31,22,79,59,36,378,3,1,2,30,42,37,20,38,198,35,16,250,3,0,15,95
10/22/2000,Oakland Raiders,31,17,27,206,22,15,176,1,0,2,90,50,3,17,32,137,30,15,149,1,2,3,68
10/22/2000,Philadelphia Eagles,13,17,27,97,35,22,207,1,1,6,35,41,9,14,25,114,43,20,177,1,0,17,50
10/22/2000,Pittsburgh Steelers,22,17,45,143,25,10,105,0,0,15,47,45,0,5,19,49,23,10,55,3,0,8,77
10/22/2000,Seattle Seahawks,3,17,32,137,30,15,149,1,2,3,68,45,31,17,27,206,22,15,176,1,0,2,90
10/22/2000,San Francisco 49ers,16,20,18,128,39,25,307,1,1,24,82,37,34,26,25,98,44,28,309,0,0,17,63
10/22/2000,St Louis Rams,34,24,20,66,46,30,390,3,1,28,87,33,54,21,22,106,34,22,375,0,0,13,50
10/22/2000,Tampa Bay Buccaneers,14,12,19,109,34,17,149,3,1,0,54,45,28,21,37,170,31,13,144,0,0,37,55
10/22/2000,Tennessee Titans,14,7,26,90,21,11,101,1,1,0,20,46,6,24,29,113,46,25,290,4,0,35,52
10/22/2000,Washington Redskins,35,18,30,130,24,16,269,1,1,0,59,45,16,21,26,146,42,21,271,2,2,32,42
10/29/2000,Arizona Cardinals,10,24,27,125,47,26,289,2,2,20,27,46,21,17,29,89,26,16,167,1,0,9,55
10/29/2000,Atlanta Falcons,13,16,27,97,29,19,191,2,1,7,98,40,12,16,20,30,41,21,202,3,1,23,58
10/29/2000,Baltimore Ravens,6,14,28,135,24,11,152,1,2,13,20,32,9,14,34,120,18,9,133,0,1,22,20
10/29/2000,Buffalo Bills,23,18,29,86,35,18,253,0,0,1,45,49,20,19,20,51,38,28,293,2,2,7,20
10/29/2000,Carolina Panthers,12,16,20,30,41,21,202,3,1,23,58,52,13,16,27,97,29,19,191,2,1,7,98
10/29/2000,Cleveland Browns,3,10,20,54,32,13,147,1,0,19,71,42,12,18,51,179,20,7,84,1,0,23,84
10/29/2000,Cincinnati Bengals,12,18,51,179,20,7,84,1,0,23,84,40,3,10,20,54,32,13,147,1,0,19,71
10/29/2000,Dallas Cowboys,17,22,32,118,25,17,220,1,2,13,54,41,23,18,38,161,24,20,231,0,0,0,50
10/29/2000,Detroit Lions,18,18,23,154,39,18,190,2,2,16,57,50,30,24,31,139,33,22,288,2,3,7,20
10/29/2000,Green Bay Packers,20,21,24,133,34,21,194,1,1,8,59,35,28,17,30,140,25,16,158,0,1,2,104
10/29/2000,New York Giants,24,25,44,152,37,22,253,0,0,21,35,46,7,8,11,72,31,10,129,1,0,9,74
10/29/2000,Indianapolis Colts,30,24,31,139,33,22,288,2,3,7,20,51,18,18,23,154,39,18,190,2,2,16,57
10/29/2000,Jacksonville Jaguars,23,18,38,161,24,20,231,0,0,0,50,44,17,22,32,118,25,17,220,1,2,13,54
10/29/2000,Kansas City Chiefs,24,17,26,76,35,22,342,3,0,8,53,42,19,22,25,143,42,26,224,3,1,16,99
10/29/2000,Miami Dolphins,28,17,30,140,25,16,158,0,1,2,104,39,20,21,24,133,34,21,194,1,1,8,59
10/29/2000,Minnesota Vikings,13,25,17,99,53,29,313,2,2,11,46,49,41,23,25,152,23,16,267,0,0,6,34
10/29/2000,New Orleans Saints,21,17,29,89,26,16,167,1,0,9,55,47,10,24,27,125,47,26,289,2,2,20,27
10/29/2000,New York Jets,20,19,20,51,38,28,293,2,2,7,20,43,23,18,29,86,35,18,253,0,0,1,45
10/29/2000,Oakland Raiders,15,19,28,83,35,16,156,1,0,11,50,47,13,18,20,29,35,25,222,1,1,27,88
10/29/2000,Philadelphia Eagles,7,8,11,72,31,10,129,1,0,9,74,37,24,25,44,152,37,22,253,0,0,21,35
10/29/2000,Pittsburgh Steelers,9,14,34,120,18,9,133,0,1,22,20,40,6,14,28,135,24,11,152,1,2,13,20
10/29/2000,San Diego Chargers,13,18,20,29,35,25,222,1,1,27,88,47,15,19,28,83,35,16,156,1,0,11,50
10/29/2000,Seattle Seahawks,19,22,25,143,42,26,224,3,1,16,99,40,24,17,26,76,35,22,342,3,0,8,53
10/29/2000,San Francisco 49ers,24,15,18,92,44,26,243,0,0,10,80,44,34,22,30,149,39,22,310,1,0,12,90
10/29/2000,St Louis Rams,34,22,30,149,39,22,310,1,0,12,90,42,24,15,18,92,44,26,243,0,0,10,80
10/29/2000,Tampa Bay Buccaneers,41,23,25,152,23,16,267,0,0,6,34,0,13,25,17,99,53,29,313,2,2,11,46
10/29/2000,Tennessee Titans,27,13,27,96,18,14,96,0,0,3,56,35,21,21,24,90,40,21,202,3,0,26,62
10/29/2000,Washington Redskins,21,21,24,90,40,21,202,3,0,26,62,37,27,13,27,96,18,14,96,0,0,3,56
11/5/2000,Arizona Cardinals,16,11,24,45,19,12,146,1,1,13,65,46,15,27,37,164,39,20,276,2,1,9,59
11/5/2000,Atlanta Falcons,14,22,15,59,50,30,247,4,0,23,25,35,27,15,36,126,26,12,146,1,1,5,43
11/5/2000,Baltimore Ravens,27,19,31,142,34,23,244,0,0,8,50,41,7,11,27,44,27,15,137,0,1,7,40
11/5/2000,Buffalo Bills,16,20,31,141,37,18,179,0,1,5,73,36,13,14,34,89,27,14,116,2,0,16,103
11/5/2000,Carolina Panthers,27,18,24,90,25,15,214,1,1,36,40,44,24,20,16,31,42,29,431,0,2,36,52
11/5/2000,Chicago Bears,27,20,35,143,36,25,227,0,0,0,58,37,24,20,20,90,39,26,302,1,1,21,81
11/5/2000,Cleveland Browns,3,12,16,41,29,17,176,1,0,24,55,49,24,24,43,155,31,19,257,0,1,42,28
11/5/2000,Cincinnati Bengals,7,11,27,44,27,15,137,0,1,7,40,43,27,19,31,142,34,23,244,0,0,8,50
11/5/2000,Dallas Cowboys,13,16,46,204,22,14,109,1,1,18,97,36,16,23,31,129,42,23,228,3,0,0,91
11/5/2000,Denver Broncos,30,23,39,130,35,22,327,1,0,10,57,30,23,22,17,88,42,21,293,2,1,0,10
11/5/2000,Detroit Lions,8,14,22,99,27,15,169,1,2,15,40,39,23,15,37,189,18,13,112,0,0,8,62
11/5/2000,Green Bay Packers,26,19,26,81,36,17,235,0,0,18,63,35,20,22,33,157,35,17,276,4,1,26,129
11/5/2000,New York Giants,24,24,43,155,31,19,257,0,1,42,28,45,3,12,16,41,29,17,176,1,0,24,55
11/5/2000,Indianapolis Colts,24,20,20,90,39,26,302,1,1,21,81,39,27,20,35,143,36,25,227,0,0,0,58
11/5/2000,Kansas City Chiefs,31,31,9,39,53,39,504,2,1,30,80,56,49,31,42,231,31,20,242,0,0,0,81
11/5/2000,Miami Dolphins,23,15,37,189,18,13,112,0,0,8,62,41,8,14,22,99,27,15,169,1,2,15,40
11/5/2000,Minnesota Vikings,20,22,33,157,35,17,276,4,1,26,129,42,26,19,26,81,36,17,235,0,0,18,63
11/5/2000,New England Patriots,13,14,34,89,27,14,116,2,0,16,103,42,16,20,31,141,37,18,179,0,1,5,73
11/5/2000,New Orleans Saints,31,25,39,124,26,20,275,0,0,39,54,46,15,19,20,84,36,22,262,2,0,0,97
11/5/2000,New York Jets,23,22,17,88,42,21,293,2,1,0,10,61,30,23,39,130,35,22,327,1,0,10,57
11/5/2000,Oakland Raiders,49,31,42,231,31,20,242,0,0,0,81,44,31,31,9,39,53,39,504,2,1,30,80
11/5/2000,Philadelphia Eagles,16,23,31,129,42,23,228,3,0,0,91,44,13,16,46,204,22,14,109,1,1,18,97
11/5/2000,Pittsburgh Steelers,7,10,20,74,22,7,112,1,2,19,25,46,9,21,40,148,31,20,227,1,0,11,115
11/5/2000,San Diego Chargers,15,22,33,116,37,26,283,1,2,1,53,28,17,9,25,50,19,11,85,1,0,7,34
11/5/2000,Seattle Seahawks,17,9,25,50,19,11,85,1,0,7,34,34,15,22,33,116,37,26,283,1,2,1,53
11/5/2000,San Francisco 49ers,15,19,20,84,36,22,262,2,0,0,97,39,31,25,39,124,26,20,275,0,0,39,54
11/5/2000,St Louis Rams,24,20,16,31,42,29,431,0,2,36,52,31,27,18,24,90,25,15,214,1,1,36,40
11/5/2000,Tampa Bay Buccaneers,27,15,36,126,26,12,146,1,1,5,43,48,14,22,15,59,50,30,247,4,0,23,25
11/5/2000,Tennessee Titans,9,21,40,148,31,20,227,1,0,11,115,41,7,10,20,74,22,7,112,1,2,19,25
11/5/2000,Washington Redskins,15,27,37,164,39,20,276,2,1,9,59,0,16,11,24,45,19,12,146,1,1,13,65
11/12/2000,Arizona Cardinals,14,14,17,62,28,19,219,0,2,32,65,43,31,29,33,158,34,26,306,1,1,4,35
11/12/2000,Atlanta Falcons,10,17,29,114,34,14,126,2,0,22,82,44,13,12,33,107,27,12,128,1,0,13,70
11/12/2000,Baltimore Ravens,24,19,29,103,36,23,281,1,0,23,72,38,23,17,16,62,34,21,228,0,2,4,64
11/12/2000,Buffalo Bills,20,14,35,105,29,18,200,1,0,6,15,39,3,12,21,99,37,20,146,3,1,11,20
11/12/2000,Carolina Panthers,10,21,17,53,42,24,295,2,3,37,22,41,20,16,31,157,23,14,179,1,1,14,99
11/12/2000,Chicago Bears,3,12,21,99,37,20,146,3,1,11,20,40,20,14,35,105,29,18,200,1,0,6,15
11/12/2000,Cleveland Browns,19,18,35,139,37,20,138,0,0,5,25,42,11,18,22,102,35,21,212,1,3,28,40
11/12/2000,Cincinnati Bengals,6,15,32,139,25,10,68,1,1,12,94,37,23,22,32,97,37,24,308,0,1,0,100
11/12/2000,Dallas Cowboys,23,22,32,97,37,24,308,0,1,0,100,0,6,15,32,139,25,10,68,1,1,12,94
11/12/2000,Denver Broncos,27,18,23,71,39,26,266,1,1,8,45,44,24,25,18,38,53,30,382,2,1,9,54
11/12/2000,Detroit Lions,13,12,33,107,27,12,128,1,0,13,70,49,10,17,29,114,34,14,126,2,0,22,82
11/12/2000,Green Bay Packers,15,16,19,97,43,23,210,0,1,5,35,39,20,14,30,108,27,16,164,1,0,0,37
11/12/2000,New York Giants,24,14,19,135,34,17,240,2,1,27,49,51,38,28,28,141,45,27,272,1,0,16,10
11/12/2000,Indianapolis Colts,23,25,38,148,35,21,210,0,1,0,64,43,15,22,22,96,38,20,271,2,0,0,65
11/12/2000,Jacksonville Jaguars,21,24,26,122,33,24,340,0,1,25,55,43,28,22,32,96,33,22,231,0,0,1,50
11/12/2000,Kansas City Chiefs,7,20,15,50,40,22,271,1,0,31,50,43,21,25,37,149,25,20,244,0,0,4,53
11/12/2000,Miami Dolphins,17,15,41,84,20,13,160,0,0,0,60,41,7,19,16,82,47,20,178,4,0,22,88
11/12/2000,Minnesota Vikings,31,29,33,158,34,26,306,1,1,4,35,39,14,14,17,62,28,19,219,0,2,32,65
11/12/2000,New England Patriots,11,18,22,102,35,21,212,1,3,28,40,44,19,18,35,139,37,20,138,0,0,5,25
11/12/2000,New Orleans Saints,20,16,31,157,23,14,179,1,1,14,99,35,10,21,17,53,42,24,295,2,3,37,22
11/12/2000,New York Jets,15,22,22,96,38,20,271,2,0,0,65,50,23,25,38,148,35,21,210,0,1,0,64
11/12/2000,Oakland Raiders,24,25,18,38,53,30,382,2,1,9,54,37,27,18,23,71,39,26,266,1,1,8,45
11/12/2000,Philadelphia Eagles,26,21,22,88,55,26,213,0,1,11,61,41,23,21,37,182,31,14,159,1,0,19,141
11/12/2000,Pittsburgh Steelers,23,21,37,182,31,14,159,1,0,19,141,42,26,21,22,88,55,26,213,0,1,11,61
11/12/2000,San Diego Chargers,7,19,16,82,47,20,178,4,0,22,88,48,17,15,41,84,20,13,160,0,0,0,60
11/12/2000,Seattle Seahawks,28,22,32,96,33,22,231,0,0,1,50,45,21,24,26,122,33,24,340,0,1,25,55
11/12/2000,San Francisco 49ers,21,25,37,149,25,20,244,0,0,4,53,33,7,20,15,50,40,22,271,1,0,31,50
11/12/2000,St Louis Rams,38,28,28,141,45,27,272,1,0,16,10,40,24,14,19,135,34,17,240,2,1,27,49
11/12/2000,Tampa Bay Buccaneers,20,14,30,108,27,16,164,1,0,0,37,39,15,16,19,97,43,23,210,0,1,5,35
11/12/2000,Tennessee Titans,23,17,16,62,34,21,228,0,2,4,64,49,24,19,29,103,36,23,281,1,0,23,72
11/19/2000,Arizona Cardinals,9,12,17,54,28,19,191,1,0,35,114,40,34,21,31,134,34,25,217,1,1,13,35
11/19/2000,Atlanta Falcons,6,11,20,93,33,16,154,1,0,36,40,44,16,17,32,127,31,16,210,0,1,0,85
11/19/2000,Baltimore Ravens,27,22,44,250,24,18,242,2,0,13,55,38,0,9,14,55,33,19,138,3,0,1,15
11/19/2000,Buffalo Bills,21,21,27,74,37,22,240,0,0,15,45,40,17,24,19,103,48,28,341,1,1,66,57
11/19/2000,Carolina Panthers,17,23,26,78,44,26,272,2,1,20,30,36,31,19,26,117,29,22,357,0,2,28,53
11/19/2000,Chicago Bears,13,15,28,83,34,20,165,1,0,5,25,33,10,14,33,165,19,12,91,2,1,31,8
11/19/2000,Cleveland Browns,10,5,18,45,20,13,103,1,0,23,61,46,24,23,47,182,25,17,222,3,4,12,45
11/19/2000,Cincinnati Bengals,13,25,37,137,38,20,236,1,1,8,75,43,16,17,22,39,36,22,258,1,0,6,69
11/19/2000,Dallas Cowboys,0,9,14,55,33,19,138,3,0,1,15,37,27,22,44,250,24,18,242,2,0,13,55
11/19/2000,Denver Broncos,38,34,22,93,58,36,462,4,1,19,63,38,37,14,27,86,27,13,311,1,2,12,62
11/19/2000,Detroit Lions,31,22,35,95,32,20,225,1,1,6,55,40,21,25,15,53,51,29,350,1,3,30,103
11/19/2000,Green Bay Packers,26,25,28,145,37,23,301,1,0,14,46,35,24,25,17,71,44,25,294,1,1,27,69
11/19/2000,New York Giants,21,25,15,53,51,29,350,1,3,30,103,34,31,22,35,95,32,20,225,1,1,6,55
11/19/2000,Indianapolis Colts,24,25,17,71,44,25,294,1,1,27,69,40,26,25,28,145,37,23,301,1,0,14,46
11/19/2000,Jacksonville Jaguars,34,20,36,240,31,17,190,1,1,13,55,43,24,15,24,147,27,13,188,2,3,29,30
11/19/2000,Kansas City Chiefs,17,24,19,103,48,28,341,1,1,66,57,47,21,21,27,74,37,22,240,0,0,15,45
11/19/2000,Miami Dolphins,3,10,22,83,29,16,128,3,1,11,99,36,20,18,32,133,28,13,102,2,0,7,29
11/19/2000,Minnesota Vikings,31,19,26,117,29,22,357,0,2,28,53,44,17,23,26,78,44,26,272,2,1,20,30
11/19/2000,New England Patriots,16,17,22,39,36,22,258,1,0,6,69,44,13,25,37,137,38,20,236,1,1,8,75
11/19/2000,New Orleans Saints,22,19,30,133,27,16,226,1,0,26,93,41,31,19,36,159,21,14,168,0,1,34,32
11/19/2000,New York Jets,20,18,32,133,28,13,102,2,0,7,29,49,3,10,22,83,29,16,128,3,1,11,99
11/19/2000,Oakland Raiders,31,19,36,159,21,14,168,0,1,34,32,55,22,19,30,133,27,16,226,1,0,26,93
11/19/2000,Philadelphia Eagles,34,21,31,134,34,25,217,1,1,13,35,33,9,12,17,54,28,19,191,1,0,35,114
11/19/2000,Pittsburgh Steelers,24,15,24,147,27,13,188,2,3,29,30,46,34,20,36,240,31,17,190,1,1,13,55
11/19/2000,San Diego Chargers,37,14,27,86,27,13,311,1,2,12,62,44,38,34,22,93,58,36,462,4,1,19,63
11/19/2000,San Francisco 49ers,16,17,32,127,31,16,210,0,1,0,85,39,6,11,20,93,33,16,154,1,0,36,40
11/19/2000,St Louis Rams,20,18,14,50,38,23,366,1,2,22,52,54,33,21,32,138,34,24,269,1,0,7,67
11/19/2000,Tampa Bay Buccaneers,10,14,33,165,19,12,91,2,1,31,8,33,13,15,28,83,34,20,165,1,0,5,25
11/19/2000,Tennessee Titans,24,23,47,182,25,17,222,3,4,12,45,52,10,5,18,45,20,13,103,1,0,23,61
11/19/2000,Washington Redskins,33,21,32,138,34,24,269,1,0,7,67,38,20,18,14,50,38,23,366,1,2,22,52
11/26/2000,Arizona Cardinals,7,14,16,88,39,20,211,1,3,32,99,44,31,25,40,146,30,20,232,0,1,7,45
11/26/2000,Atlanta Falcons,14,15,13,31,29,18,182,1,1,32,55,39,41,24,38,270,22,15,231,0,1,9,108
11/26/2000,Baltimore Ravens,44,25,51,247,26,14,214,1,1,0,25,47,7,5,17,28,25,13,138,1,2,54,11
11/26/2000,Buffalo Bills,17,25,27,139,49,28,319,0,2,25,70,36,31,13,25,114,18,10,106,0,0,40,71
11/26/2000,Carolina Panthers,31,24,31,133,37,22,243,1,1,20,25,38,14,20,14,87,51,31,267,3,2,28,55
11/26/2000,Chicago Bears,10,13,30,135,32,13,98,0,3,0,29,35,17,17,32,59,35,21,218,1,0,0,35
11/26/2000,Cleveland Browns,7,5,17,28,25,13,138,1,2,54,11,49,44,25,51,247,26,14,214,1,1,0,25
11/26/2000,Cincinnati Bengals,28,23,41,209,20,10,129,0,3,29,15,36,48,21,38,185,22,12,209,0,0,22,35
11/26/2000,Dallas Cowboys,15,22,24,128,43,30,276,1,1,0,45,36,27,18,27,168,22,15,205,0,0,13,21
11/26/2000,Denver Broncos,38,25,41,301,31,15,244,2,3,7,53,36,31,17,21,85,48,23,274,2,1,5,43
11/26/2000,Detroit Lions,34,17,28,110,25,17,204,0,1,15,61,48,9,15,20,66,35,18,154,2,0,5,81
11/26/2000,Green Bay Packers,14,20,14,87,51,31,267,3,2,28,55,37,31,24,31,133,37,22,243,1,1,20,25
11/26/2000,New York Giants,31,25,40,146,30,20,232,0,1,7,45,41,7,14,16,88,39,20,211,1,3,32,99
11/26/2000,Indianapolis Colts,14,19,31,144,34,16,209,1,0,0,78,47,17,17,24,82,33,22,183,0,0,12,30
11/26/2000,Jacksonville Jaguars,16,16,28,111,25,15,237,2,0,14,25,54,13,17,31,117,24,13,228,0,0,11,40
11/26/2000,Kansas City Chiefs,16,10,31,77,31,12,130,1,0,46,90,43,17,14,22,52,30,17,177,2,3,28,43
11/26/2000,Miami Dolphins,17,17,24,82,33,22,183,0,0,12,30,50,14,19,31,144,34,16,209,1,0,0,78
11/26/2000,Minnesota Vikings,27,18,27,168,22,15,205,0,0,13,21,45,15,22,24,128,43,30,276,1,1,0,45
11/26/2000,New England Patriots,9,15,20,66,35,18,154,2,0,5,81,50,34,17,28,110,25,17,204,0,1,15,61
11/26/2000,New Orleans Saints,31,23,44,147,29,17,190,2,0,5,116,38,24,21,10,28,41,20,289,1,3,38,132
11/26/2000,New York Jets,17,17,32,59,35,21,218,1,0,0,35,40,10,13,30,135,32,13,98,0,3,0,29
11/26/2000,Oakland Raiders,41,24,38,270,22,15,231,0,1,9,108,38,14,15,13,31,29,18,182,1,1,32,55
11/26/2000,Philadelphia Eagles,23,14,26,171,31,19,137,1,1,19,98,39,20,20,19,44,43,25,288,0,2,6,46
11/26/2000,Pittsburgh Steelers,48,21,38,185,22,12,209,0,0,22,35,41,28,23,41,209,20,10,129,0,3,29,15
11/26/2000,San Diego Chargers,17,14,22,52,30,17,177,2,3,28,43,49,16,10,31,77,31,12,130,1,0,46,90
11/26/2000,Seattle Seahawks,31,17,21,85,48,23,274,2,1,5,43,38,38,25,41,301,31,15,244,2,3,7,53
11/26/2000,St Louis Rams,24,21,10,28,41,20,289,1,3,38,132,35,31,23,44,147,29,17,190,2,0,5,116
11/26/2000,Tampa Bay Buccaneers,31,13,25,114,18,10,106,0,0,40,71,43,17,25,27,139,49,28,319,0,2,25,70
11/26/2000,Tennessee Titans,13,17,31,117,24,13,228,0,0,11,40,38,16,16,28,111,25,15,237,2,0,14,25
11/26/2000,Washington Redskins,20,20,19,44,43,25,288,0,2,6,46,41,23,14,26,171,31,19,137,1,1,19,98
12/3/2000,Arizona Cardinals,13,15,19,72,44,22,278,1,1,10,39,39,24,27,54,292,23,11,109,1,0,3,47
12/3/2000,Atlanta Falcons,10,20,24,97,33,17,233,2,2,29,25,36,30,17,25,83,34,25,252,0,0,0,35
12/3/2000,Buffalo Bills,6,14,26,160,27,8,75,3,0,39,30,29,33,15,37,133,21,13,214,0,1,14,86
12/3/2000,Carolina Panthers,16,20,33,68,30,20,195,2,0,26,10,31,3,15,16,99,36,18,189,4,3,10,72
12/3/2000,Chicago Bears,6,17,23,104,44,22,233,2,0,7,41,38,28,17,28,81,31,19,225,0,0,2,42
12/3/2000,Cleveland Browns,0,2,18,62,18,7,42,0,1,42,85,43,48,28,47,244,33,16,218,0,0,13,59
12/3/2000,Cincinnati Bengals,24,27,54,292,23,11,109,1,0,3,47,33,13,15,19,72,44,22,278,1,1,10,39
12/3/2000,Dallas Cowboys,7,19,28,113,33,17,168,1,3,15,58,42,27,17,36,250,15,9,65,0,1,14,35
12/3/2000,Denver Broncos,38,24,49,283,16,11,201,0,0,1,21,36,23,19,9,21,48,30,441,2,1,16,45
12/3/2000,Detroit Lions,17,20,25,139,36,25,246,1,1,33,35,44,24,19,25,145,32,19,160,2,0,0,59
12/3/2000,Green Bay Packers,28,17,28,81,31,19,225,0,0,2,42,34,6,17,23,104,44,22,233,2,0,7,41
12/3/2000,New York Giants,9,13,36,141,29,18,164,1,2,0,20,34,7,15,13,29,47,24,269,2,0,8,35
12/3/2000,Indianapolis Colts,17,21,12,49,51,27,339,2,1,13,20,37,27,26,39,211,41,26,295,1,0,15,54
12/3/2000,Jacksonville Jaguars,48,28,47,244,33,16,218,0,0,13,59,39,0,2,18,62,18,7,42,0,1,42,85
12/3/2000,Kansas City Chiefs,24,18,19,68,46,25,350,1,2,0,40,38,30,24,31,105,48,33,282,0,1,19,65
12/3/2000,Miami Dolphins,33,15,37,133,21,13,214,0,1,14,86,40,6,14,26,160,27,8,75,3,0,39,30
12/3/2000,Minnesota Vikings,24,19,25,145,32,19,160,2,0,0,59,49,17,20,25,139,36,25,246,1,1,33,35
12/3/2000,New England Patriots,30,24,31,105,48,33,282,0,1,19,65,39,24,18,19,68,46,25,350,1,2,0,40
12/3/2000,New Orleans Saints,23,19,9,21,48,30,441,2,1,16,45,46,38,24,49,283,16,11,201,0,0,1,21
12/3/2000,New York Jets,27,26,39,211,41,26,295,1,0,15,54,30,17,21,12,49,51,27,339,2,1,13,20
12/3/2000,Oakland Raiders,20,20,28,117,40,21,273,0,2,0,31,43,21,19,32,199,26,15,143,1,0,31,15
12/3/2000,Philadelphia Eagles,13,14,17,56,31,18,239,0,0,33,34,41,15,24,36,118,39,24,224,0,1,11,5
12/3/2000,Pittsburgh Steelers,21,19,32,199,26,15,143,1,0,31,15,43,20,20,28,117,40,21,273,0,2,0,31
12/3/2000,San Diego Chargers,17,18,13,49,47,24,266,4,1,12,68,42,45,19,28,73,33,19,319,0,0,7,60
12/3/2000,Seattle Seahawks,30,17,25,83,34,25,252,0,0,0,35,40,10,20,24,97,33,17,233,2,2,29,25
12/3/2000,San Francisco 49ers,45,19,28,73,33,19,319,0,0,7,60,40,17,18,13,49,47,24,266,4,1,12,68
12/3/2000,St Louis Rams,3,15,16,99,36,18,189,4,3,10,72,34,16,20,33,68,30,20,195,2,0,26,10
12/3/2000,Tampa Bay Buccaneers,27,17,36,250,15,9,65,0,1,14,35,40,7,19,28,113,33,17,168,1,3,15,58
12/3/2000,Tennessee Titans,15,24,36,118,39,24,224,0,1,11,5,37,13,14,17,56,31,18,239,0,0,33,34
12/3/2000,Washington Redskins,7,15,13,29,47,24,269,2,0,8,35,39,9,13,36,141,29,18,164,1,2,0,20
12/10/2000,Arizona Cardinals,10,11,19,40,26,15,181,1,0,32,53,48,44,25,45,214,21,15,255,0,0,0,15
12/10/2000,Baltimore Ravens,24,19,40,110,24,16,187,2,1,21,15,40,3,9,26,64,23,9,78,1,4,14,20
12/10/2000,Buffalo Bills,20,16,22,66,34,18,270,2,1,42,106,34,44,20,32,121,24,13,132,0,0,16,67
12/10/2000,Carolina Panthers,14,21,16,23,31,23,252,1,0,18,47,42,15,26,26,138,44,31,315,2,2,0,35
12/10/2000,Chicago Bears,24,21,39,102,27,22,239,0,1,2,35,35,17,15,13,38,46,25,225,0,0,18,60
12/10/2000,Cleveland Browns,24,25,30,101,43,30,332,3,1,15,55,39,35,23,15,41,36,23,390,0,2,40,21
12/10/2000,Cincinnati Bengals,3,9,25,60,26,12,131,0,0,20,34,45,35,21,36,112,33,23,345,0,1,14,39
12/10/2000,Dallas Cowboys,32,19,43,242,8,5,89,0,0,17,35,45,13,17,22,79,33,19,235,1,1,44,121
12/10/2000,Denver Broncos,31,20,36,131,25,14,201,1,0,19,15,44,24,22,26,107,41,26,298,3,1,0,38
12/10/2000,Detroit Lions,13,15,31,103,33,17,190,3,2,0,30,45,26,16,32,128,36,15,208,1,1,6,11
12/10/2000,Green Bay Packers,26,16,32,128,36,15,208,1,1,6,11,39,13,15,31,103,33,17,190,3,2,0,30
12/10/2000,New York Giants,30,20,26,68,35,24,333,0,0,7,91,25,10,17,20,47,34,20,224,1,0,7,42
12/10/2000,Indianapolis Colts,44,20,32,121,24,13,132,0,0,16,67,44,20,16,22,66,34,18,270,2,1,42,106
12/10/2000,Jacksonville Jaguars,44,25,45,214,21,15,255,0,0,0,15,55,10,11,19,40,26,15,181,1,0,32,53
12/10/2000,Kansas City Chiefs,15,26,26,138,44,31,315,2,2,0,35,0,14,21,16,23,31,23,252,1,0,18,47
12/10/2000,Miami Dolphins,13,17,27,84,28,13,175,4,1,5,46,44,16,14,38,100,15,11,147,1,0,26,63
12/10/2000,Minnesota Vikings,29,23,19,104,33,21,221,0,0,13,60,50,40,32,34,162,32,27,346,0,0,0,43
12/10/2000,New England Patriots,17,15,13,38,46,25,225,0,0,18,60,43,24,21,39,102,27,22,239,0,1,2,35
12/10/2000,New Orleans Saints,31,21,38,216,29,12,203,0,0,31,5,41,27,21,21,110,38,25,305,2,1,17,15
12/10/2000,New York Jets,7,14,20,10,44,22,315,4,0,25,27,42,31,17,38,180,23,11,161,1,0,11,60
12/10/2000,Oakland Raiders,31,17,38,180,23,11,161,1,0,11,60,44,7,14,20,10,44,22,315,4,0,25,27
12/10/2000,Philadelphia Eagles,35,23,15,41,36,23,390,0,2,40,21,39,24,25,30,101,43,30,332,3,1,15,55
12/10/2000,Pittsburgh Steelers,10,17,20,47,34,20,224,1,0,7,42,45,30,20,26,68,35,24,333,0,0,7,91
12/10/2000,San Diego Chargers,3,9,26,64,23,9,78,1,4,14,20,45,24,19,40,110,24,16,187,2,1,21,15
12/10/2000,Seattle Seahawks,24,22,26,107,41,26,298,3,1,0,38,37,31,20,36,131,25,14,201,1,0,19,15
12/10/2000,San Francisco 49ers,27,21,21,110,38,25,305,2,1,17,15,44,31,21,38,216,29,12,203,0,0,31,5
12/10/2000,St Louis Rams,40,32,34,162,32,27,346,0,0,0,43,38,29,23,19,104,33,21,221,0,0,13,60
12/10/2000,Tampa Bay Buccaneers,16,14,38,100,15,11,147,1,0,26,63,37,13,17,27,84,28,13,175,4,1,5,46
12/10/2000,Tennessee Titans,35,21,36,112,33,23,345,0,1,14,39,42,3,9,25,60,26,12,131,0,0,20,34
12/10/2000,Washington Redskins,13,17,22,79,33,19,235,1,1,44,121,42,32,19,43,242,8,5,89,0,0,17,35
12/17/2000,Arizona Cardinals,7,18,23,51,43,23,266,2,2,8,15,45,13,14,37,177,22,12,70,1,1,33,64
12/17/2000,Atlanta Falcons,7,9,21,64,20,9,126,2,1,27,33,40,23,19,30,92,35,24,285,0,1,4,50
12/17/2000,Baltimore Ravens,13,14,37,177,22,12,70,1,1,33,64,39,7,18,23,51,43,23,266,2,2,8,15
12/17/2000,Buffalo Bills,10,19,40,178,28,16,197,0,1,28,54,29,13,19,48,189,26,13,156,0,0,14,75
12/17/2000,Carolina Panthers,30,13,15,11,40,18,180,1,0,22,45,39,22,19,34,100,43,23,259,1,1,1,95
12/17/2000,Chicago Bears,0,8,18,39,29,9,73,1,0,8,30,44,17,26,27,78,44,36,402,0,1,24,80
12/17/2000,Cleveland Browns,0,6,17,50,30,13,75,0,2,12,66,40,24,19,47,212,20,12,105,1,0,12,25
12/17/2000,Cincinnati Bengals,17,15,27,106,22,10,171,1,3,14,40,36,14,17,34,114,28,19,170,0,1,8,47
12/17/2000,Dallas Cowboys,13,15,30,75,25,13,119,1,2,49,75,43,17,12,31,99,26,12,140,1,0,14,79
12/17/2000,Denver Broncos,7,11,14,66,35,22,234,0,1,9,51,42,20,24,41,264,28,14,160,0,2,0,51
12/17/2000,Detroit Lions,10,16,44,210,18,8,110,1,0,32,25,42,7,12,18,51,36,21,194,1,1,5,45
12/17/2000,Green Bay Packers,33,28,30,159,38,26,290,0,0,15,25,53,28,19,17,68,38,23,335,1,1,3,67
12/17/2000,New York Giants,17,12,31,99,26,12,140,1,0,14,79,32,13,15,30,75,25,13,119,1,2,49,75
12/17/2000,Indianapolis Colts,20,20,35,132,28,21,206,0,2,11,35,37,13,14,26,140,26,12,150,1,2,18,45
12/17/2000,Jacksonville Jaguars,14,17,34,114,28,19,170,0,1,8,47,29,17,15,27,106,22,10,171,1,3,14,40
12/17/2000,Kansas City Chiefs,20,24,41,264,28,14,160,0,2,0,51,44,7,11,14,66,35,22,234,0,1,9,51
12/17/2000,Miami Dolphins,13,14,26,140,26,12,150,1,2,18,45,40,20,20,35,132,28,21,206,0,2,11,35
12/17/2000,Minnesota Vikings,28,19,17,68,38,23,335,1,1,3,67,49,33,28,30,159,38,26,290,0,0,15,25
12/17/2000,New England Patriots,13,19,48,189,26,13,156,0,0,14,75,42,10,19,40,178,28,16,197,0,1,28,54
12/17/2000,New Orleans Saints,23,19,30,92,35,24,285,0,1,4,50,44,7,9,21,64,20,9,126,2,1,27,33
12/17/2000,New York Jets,7,12,18,51,36,21,194,1,1,5,45,41,10,16,44,210,18,8,110,1,0,32,25
12/17/2000,Oakland Raiders,24,15,42,227,17,5,136,3,0,2,45,46,27,18,31,173,32,19,177,1,1,24,55
12/17/2000,Pittsburgh Steelers,24,21,45,190,21,11,175,0,1,1,40,43,3,14,21,64,32,18,231,2,3,24,70
12/17/2000,San Diego Chargers,22,19,34,100,43,23,259,1,1,1,95,38,30,13,15,11,40,18,180,1,0,22,45
12/17/2000,Seattle Seahawks,27,18,31,173,32,19,177,1,1,24,55,32,24,15,42,227,17,5,136,3,0,2,45
12/17/2000,San Francisco 49ers,17,26,27,78,44,36,402,0,1,24,80,45,0,8,18,39,29,9,73,1,0,8,30
12/17/2000,St Louis Rams,35,19,23,90,32,20,316,3,0,18,20,37,38,27,32,205,38,18,256,2,0,15,40
12/17/2000,Tampa Bay Buccaneers,38,27,32,205,38,18,256,2,0,15,40,37,35,19,23,90,32,20,316,3,0,18,20
12/17/2000,Tennessee Titans,24,19,47,212,20,12,105,1,0,12,25,37,0,6,17,50,30,13,75,0,2,12,66
12/17/2000,Washington Redskins,3,14,21,64,32,18,231,2,3,24,70,41,24,21,45,190,21,11,175,0,1,1,40
12/24/2000,Arizona Cardinals,3,14,21,104,32,14,144,3,2,3,50,41,20,18,34,140,33,20,190,2,0,15,85
12/24/2000,Atlanta Falcons,29,20,36,131,29,20,163,0,0,6,30,44,13,15,12,49,32,18,230,0,1,20,25
12/24/2000,Baltimore Ravens,34,5,26,64,25,11,99,2,0,21,32,42,20,22,21,51,69,36,481,3,3,8,19
12/24/2000,Buffalo Bills,42,27,37,213,25,20,366,0,1,0,10,34,23,17,26,126,29,18,195,1,3,9,45
12/24/2000,Carolina Panthers,9,19,12,79,37,22,235,1,3,17,70,30,52,28,39,179,32,26,230,0,0,0,60
12/24/2000,Chicago Bears,23,15,26,105,29,19,183,0,2,2,28,38,20,18,26,100,36,19,170,1,1,30,20
12/24/2000,Cincinnati Bengals,7,15,26,102,34,18,183,1,2,14,39,37,16,22,35,138,40,23,198,1,3,15,34
12/24/2000,Dallas Cowboys,,6,29,86,20,5,35,2,3,26,51,40,,23,35,159,33,20,216,2,2,1,51
12/24/2000,Denver Broncos,38,28,42,159,31,20,219,0,1,16,90,39,9,16,15,46,40,18,188,1,1,42,110
12/24/2000,Detroit Lions,20,18,26,100,36,19,170,1,1,30,20,42,23,15,26,105,29,19,183,0,2,2,28
12/24/2000,Green Bay Packers,17,21,38,135,42,20,196,2,2,12,43,42,14,16,23,67,42,21,237,0,0,32,54
12/24/2000,New York Giants,28,19,31,80,39,22,321,1,0,28,10,30,25,14,18,70,41,23,262,1,1,5,25
12/24/2000,Indianapolis Colts,31,25,29,128,36,25,283,1,0,0,20,48,10,11,21,67,28,16,175,1,0,6,53
12/24/2000,Jacksonville Jaguars,25,14,18,70,41,23,262,1,1,5,25,42,28,19,31,80,39,22,321,1,0,28,10
12/24/2000,Kansas City Chiefs,13,15,12,49,32,18,230,0,1,20,25,46,29,20,36,131,29,20,163,0,0,6,30
12/24/2000,Miami Dolphins,27,25,24,47,46,31,271,0,0,8,25,38,24,18,21,37,35,18,312,2,1,1,58
12/24/2000,Minnesota Vikings,10,11,21,67,28,16,175,1,0,6,53,46,31,25,29,128,36,25,283,1,0,0,20
12/24/2000,New England Patriots,24,18,21,37,35,18,312,2,1,1,58,34,27,25,24,47,46,31,271,0,0,8,25
12/24/2000,New Orleans Saints,21,12,15,73,31,16,208,1,0,12,48,39,26,26,42,246,27,18,248,1,0,20,65
12/24/2000,New York Jets,20,22,21,51,69,36,481,3,3,8,19,50,34,5,26,64,25,11,99,2,0,21,32
12/24/2000,Oakland Raiders,52,28,39,179,32,26,230,0,0,0,60,38,9,19,12,79,37,22,235,1,3,17,70
12/24/2000,Philadelphia Eagles,16,22,35,138,40,23,198,1,3,15,34,43,7,15,26,102,34,18,183,1,2,14,39
12/24/2000,Pittsburgh Steelers,34,21,41,131,33,16,190,2,0,5,10,46,21,6,12,31,29,15,171,1,1,31,82
12/24/2000,San Diego Chargers,21,6,12,31,29,15,171,1,1,31,82,51,34,21,41,131,33,16,190,2,0,5,10
12/24/2000,Seattle Seahawks,23,17,26,126,29,18,195,1,3,9,45,38,42,27,37,213,25,20,366,0,1,0,10
12/24/2000,San Francisco 49ers,9,16,15,46,40,18,188,1,1,42,110,42,38,28,42,159,31,20,219,0,1,16,90
12/24/2000,St Louis Rams,26,26,42,246,27,18,248,1,0,20,65,42,21,12,15,73,31,16,208,1,0,12,48
12/24/2000,Tampa Bay Buccaneers,14,16,23,67,42,21,237,0,0,32,54,40,17,21,38,135,42,20,196,2,2,12,43
12/24/2000,Tennessee Titans,,23,35,159,33,20,216,2,2,1,51,37,,6,29,86,20,5,35,2,3,26,51
12/24/2000,Washington Redskins,20,18,34,140,33,20,190,2,0,15,85,38,3,14,21,104,32,14,144,3,2,3,50
12/31/2000,Baltimore Ravens,21,13,38,122,15,9,130,0,0,12,30,38,3,9,18,42,38,18,178,1,0,43,33
12/31/2000,Denver Broncos,3,9,18,42,38,18,178,1,0,43,33,38,21,13,38,122,15,9,130,0,0,12,30
12/31/2000,Indianapolis Colts,17,14,23,99,32,17,194,0,0,0,10,43,23,26,48,258,34,19,185,3,0,9,55
12/31/2000,Miami Dolphins,23,26,48,258,34,19,185,3,0,9,55,46,17,14,23,99,32,17,194,0,0,0,10
12/31/2000,New Orleans Saints,31,17,32,50,29,16,266,1,1,15,40,41,28,17,16,34,40,24,365,3,2,15,60
12/31/2000,Philadelphia Eagles,21,20,33,126,33,24,161,1,0,10,20,37,3,11,19,50,31,17,171,0,1,22,62
12/31/2000,St Louis Rams,28,17,16,34,40,24,365,3,2,15,60,43,31,17,32,50,29,16,266,1,1,15,40
12/31/2000,Tampa Bay Buccaneers,3,11,19,50,31,17,171,0,1,22,62,41,21,20,33,126,33,24,161,1,0,10,20
1/7/2001,Baltimore Ravens,24,6,23,49,17,5,117,0,0,32,50,28,10,23,33,126,47,25,195,1,0,4,55
1/7/2001,New York Giants,20,15,43,112,19,12,125,0,3,0,18,32,10,11,14,46,41,20,181,1,2,41,50
1/7/2001,Miami Dolphins,0,10,17,40,37,18,176,3,1,12,55,34,27,20,45,140,18,12,143,0,1,16,40
1/7/2001,Minnesota Vikings,34,18,32,127,31,17,302,0,0,0,60,45,16,19,17,69,48,30,295,2,0,9,40
1/7/2001,New Orleans Saints,16,19,17,69,48,30,295,2,0,9,40,39,34,18,32,127,31,17,302,0,0,0,60
1/7/2001,Oakland Raiders,27,20,45,140,18,12,143,0,1,16,40,47,0,10,17,40,37,18,176,3,1,12,55
1/7/2001,Philadelphia Eagles,10,11,14,46,41,20,181,1,2,41,50,42,20,15,43,112,19,12,125,0,3,0,18
1/7/2001,Tennessee Titans,10,23,33,126,47,25,195,1,0,4,55,38,24,6,23,49,17,5,117,0,0,32,50
1/14/2001,Baltimore Ravens,16,12,46,110,18,9,190,1,1,18,95,41,3,12,17,24,37,19,187,4,1,20,36
1/14/2001,New York Giants,41,31,41,138,40,29,385,2,0,5,36,30,0,9,9,54,28,13,78,3,2,18,61
1/14/2001,Minnesota Vikings,0,9,9,54,28,13,78,3,2,18,61,35,41,31,41,138,40,29,385,2,0,5,36
1/14/2001,Oakland Raiders,3,12,17,24,37,19,187,4,1,20,36,45,16,12,46,110,18,9,190,1,1,18,95
